Komutunuzu yazÄ±n,Asistan YanÄ±tÄ±,timestamp
Orduda hava nasÄ±l,ğŸŒ¤ï¸ LÃ¼tfen ÅŸÃ¶yle deneyin: 'Ä°stanbul'da hava nasÄ±l?' veya 'Ankara da sÄ±caklÄ±k?',2025-05-10 23:02:47.741149
bana youtubeden vildflower ,"ğŸ¬ YouTube arama sonuÃ§larÄ± (bana den vildflower):

1. Billie Eilish - WILDFLOWER (Official Lyric Video)
2. billie eilish - wildflower (tÃ¼rkÃ§e Ã§eviri)
3. WEGH - GÃœLDÃœÄÃœN GÃœN (Official Lyric Video)
4. Ama Bana Bakma Ã–yle
5. LACIVERT

AÃ§mak iÃ§in: '1. videoyu aÃ§' gibi yaz.",2025-05-11 12:52:00.264023
,,2025-05-11 12:52:25.363279
,,2025-05-11 12:52:27.215252
